"city"	"name"
"http://dbpedia.org/resource/Čabar"	"Чабар"
"http://dbpedia.org/resource/Chubbuck,_Idaho"	"Чаббак (город)"
"http://dbpedia.org/resource/Chadegan"	"Чадеган"
"http://dbpedia.org/resource/Čadca"	"Чадца"
"http://dbpedia.org/resource/Ceadîr-Lunga"	"Чадыр-Лунга"
"http://dbpedia.org/resource/Čazma"	"Чазма"
"http://dbpedia.org/resource/Chaibasa"	"Чайбаса"
"http://dbpedia.org/resource/Chaykovsky,_Perm_Krai"	"Чайковский (город)"
"http://dbpedia.org/resource/Chakvi"	"Чакви"
"http://dbpedia.org/resource/Chaco_Culture_National_Historical_Park"	"Чако (национальный исторический парк)"
"http://dbpedia.org/resource/Čakovec"	"Чаковец"
"http://dbpedia.org/resource/Chalamera"	"Чаламера"
"http://dbpedia.org/resource/Chalus,_Iran"	"Чалус"
"http://dbpedia.org/resource/Champawat"	"Чампават"
"http://dbpedia.org/resource/Ciampino"	"Чампино"
"http://dbpedia.org/resource/Champlin,_Minnesota"	"Чамплин (город, Миннесота)"
"http://dbpedia.org/resource/Chamarajanagar"	"Чамраджнагар"
"http://dbpedia.org/resource/Çanakkale"	"Чанаккале"
"http://dbpedia.org/resource/Changlang"	"Чангланг"
"http://dbpedia.org/resource/Changge"	"Чангэ"
"http://dbpedia.org/resource/Chandannagar"	"Чанданнагар"
"http://dbpedia.org/resource/Chandigarh"	"Чандигарх"
"http://dbpedia.org/resource/Chandler,_Arizona"	"Чандлер (Аризона)"
"http://dbpedia.org/resource/Chandler,_Minnesota"	"Чандлер (город, Миннесота)"
"http://dbpedia.org/resource/Chandrapur"	"Чандрапур"
"http://dbpedia.org/resource/Tschanigraben"	"Чаниграбен"
"http://dbpedia.org/resource/Cianciana"	"Чанчана"
"http://dbpedia.org/resource/Changzhi"	"Чанчжи"
"http://dbpedia.org/resource/Changchun"	"Чанчунь"
"http://dbpedia.org/resource/Changsha"	"Чанша"
"http://dbpedia.org/resource/Changyi,_Shandong"	"Чанъи (Вэйфан)"
"http://dbpedia.org/resource/Chaozhou"	"Чаочжоу"
"http://dbpedia.org/resource/Chapayevsk"	"Чапаевск"
"http://dbpedia.org/resource/Czaplinek"	"Чаплинек"
"http://dbpedia.org/resource/Chaplygin,_Lipetsk_Oblast"	"Чаплыгин (город)"
"http://dbpedia.org/resource/Charentsavan"	"Чаренцаван"
"http://dbpedia.org/resource/Charleston,_Arkansas"	"Чарлстон (Арканзас)"
"http://dbpedia.org/resource/Charleston,_West_Virginia"	"Чарлстон (Западная Виргиния)"
"http://dbpedia.org/resource/Charleston,_South_Carolina"	"Чарлстон (Южная Каролина)"
"http://dbpedia.org/resource/Charn"	"Чарн"
"http://dbpedia.org/resource/Czarna_Białostocka"	"Чарна-Бялостоцка"
"http://dbpedia.org/resource/Czarna_Woda"	"Чарна-Вода (город)"
"http://dbpedia.org/resource/Czarne"	"Чарне (город)"
"http://dbpedia.org/resource/Czarnków"	"Чарнкув"
"http://dbpedia.org/resource/Chaska,_Minnesota"	"Часка (город, Миннесота)"
"http://dbpedia.org/resource/Čáslav"	"Часлав"
"http://dbpedia.org/resource/Chasiv_Yar"	"Часов Яр"
"http://dbpedia.org/resource/Çatalca"	"Чаталджа"
"http://dbpedia.org/resource/Chatra,_Jharkhand"	"Чатра (город)"
"http://dbpedia.org/resource/Chattanooga,_Tennessee"	"Чаттануга"
"http://dbpedia.org/resource/Chatfield,_Minnesota"	"Чатфилд (город, Миннесота)"
"http://dbpedia.org/resource/Chauri_Chaura"	"Чаури-Чаура"
"http://dbpedia.org/resource/Chebarkul"	"Чебаркуль (город)"
"http://dbpedia.org/resource/Ceva"	"Чева (город)"
"http://dbpedia.org/resource/Chevak,_Alaska"	"Чевак (Аляска)"
"http://dbpedia.org/resource/Cevo"	"Чево"
"http://dbpedia.org/resource/Chegem"	"Чегем (город)"
"http://dbpedia.org/resource/Ceggia"	"Чеджа"
"http://dbpedia.org/resource/Jeju_City"	"Чеджу (город)"
"http://dbpedia.org/resource/Cedrasco"	"Чедраско"
"http://dbpedia.org/resource/Cesa"	"Чеза"
"http://dbpedia.org/resource/Cesana_Brianza"	"Чезана-Брианца"
"http://dbpedia.org/resource/Cesana_Torinese"	"Чезана-Торинезе"
"http://dbpedia.org/resource/Cesano_Boscone"	"Чезано-Босконе"
"http://dbpedia.org/resource/Cesano_Maderno"	"Чезано-Мадерно"
"http://dbpedia.org/resource/Cesara"	"Чезара (Италия)"
"http://dbpedia.org/resource/Cesarò"	"Чезаро"
"http://dbpedia.org/resource/Cesate"	"Чезате"
"http://dbpedia.org/resource/Cesena"	"Чезена"
"http://dbpedia.org/resource/Cesenatico"	"Чезенатико"
"http://dbpedia.org/resource/Cesinali"	"Чезинали"
"http://dbpedia.org/resource/Cesio"	"Чезио"
"http://dbpedia.org/resource/Cesiomaggiore"	"Чезиомаджоре"
"http://dbpedia.org/resource/Chaqabol"	"Чекаболь"
"http://dbpedia.org/resource/Chekalin"	"Чекалин (город)"
"http://dbpedia.org/resource/Ceccano"	"Чеккано"
"http://dbpedia.org/resource/Checotah,_Oklahoma"	"Чекота"
"http://dbpedia.org/resource/Čelákovice"	"Челаковице"
"http://dbpedia.org/resource/Celenza_Valfortore"	"Челенца-Вальфорторе"
"http://dbpedia.org/resource/Celenza_sul_Trigno"	"Челенца-суль-Триньо"
"http://dbpedia.org/resource/Cheles"	"Челес"
"http://dbpedia.org/resource/Celico"	"Челико"
"http://dbpedia.org/resource/Čelinac"	"Челинац"
"http://dbpedia.org/resource/Čelić"	"Челич (город)"
"http://dbpedia.org/resource/Cella_Dati"	"Челла-Дати"
"http://dbpedia.org/resource/Cella_Monte"	"Челла-Монте"
"http://dbpedia.org/resource/Cellamare"	"Челламаре"
"http://dbpedia.org/resource/Cellara"	"Челлара"
"http://dbpedia.org/resource/Cellarengo"	"Челларенго"
"http://dbpedia.org/resource/Cellatica"	"Челлатика"
"http://dbpedia.org/resource/Celle_Ligure"	"Челле-Лигуре"
"http://dbpedia.org/resource/Celle_Enomondo"	"Челле-Эномондо"
"http://dbpedia.org/resource/Celle_di_Bulgheria"	"Челле-ди-Булгерия"
"http://dbpedia.org/resource/Celle_di_Macra"	"Челле-ди-Макра"
"http://dbpedia.org/resource/Celle_di_San_Vito"	"Челле-ди-Сан-Вито"
"http://dbpedia.org/resource/Celleno"	"Челлено"
"http://dbpedia.org/resource/Cellere"	"Челлере"
"http://dbpedia.org/resource/Cellino_Attanasio"	"Челлино-Аттаназио"
"http://dbpedia.org/resource/Cellino_San_Marco"	"Челлино-Сан-Марко"
"http://dbpedia.org/resource/Cellio"	"Челлио"
"http://dbpedia.org/resource/Cellole"	"Челлоле"
"http://dbpedia.org/resource/Chelmsford"	"Челмсфорд"
"http://dbpedia.org/resource/Chelgard"	"Чельджерд"
"http://dbpedia.org/resource/Ceglie_Messapica"	"Челье-Мессапика"
"http://dbpedia.org/resource/Czeladź"	"Челядзь"
"http://dbpedia.org/resource/Cembra"	"Чембра"
"http://dbpedia.org/resource/Chamgardan"	"Чемгордан"
"http://dbpedia.org/resource/Czempiń"	"Чемпинь"
"http://dbpedia.org/resource/Chamran,_Iran"	"Чемран"
"http://dbpedia.org/resource/Cenadi"	"Ченади"
"http://dbpedia.org/resource/Cengio"	"Ченджо"
"http://dbpedia.org/resource/Ceneselli"	"Ченезелли"
"http://dbpedia.org/resource/Ciężkowice"	"Ченжковице"
"http://dbpedia.org/resource/Chennai"	"Ченнаи"
"http://dbpedia.org/resource/Częstochowa"	"Ченстохова"
"http://dbpedia.org/resource/Centa_San_Nicolò"	"Чента-Сан-Николо"
"http://dbpedia.org/resource/Centallo"	"Ченталло"
"http://dbpedia.org/resource/Centola"	"Чентола"
"http://dbpedia.org/resource/Centrache"	"Чентраке"
"http://dbpedia.org/resource/Cencenighe_Agordino"	"Ченчениге-Агордино"
"http://dbpedia.org/resource/Cepagatti"	"Чепагатти"
"http://dbpedia.org/resource/Chepelare"	"Чепеларе"
"http://dbpedia.org/resource/Ceppaloni"	"Чеппалони"
"http://dbpedia.org/resource/Ceppo_Morelli"	"Чеппо-Морелли"
"http://dbpedia.org/resource/Ceprano"	"Чепрано"
"http://dbpedia.org/resource/Ceraso"	"Черазо"
"http://dbpedia.org/resource/Charam,_Iran"	"Черам"
"http://dbpedia.org/resource/Ceranesi"	"Черанези"
"http://dbpedia.org/resource/Cerano"	"Черано"
"http://dbpedia.org/resource/Cerano_d'Intelvi"	"Черано-д’Интельви"
"http://dbpedia.org/resource/Ceranova"	"Черанова"
"http://dbpedia.org/resource/Cherrapunji"	"Черапунджи"
"http://dbpedia.org/resource/Cerva"	"Черва"
"http://dbpedia.org/resource/Cervara_di_Roma"	"Червара-ди-Рома"
"http://dbpedia.org/resource/Cervaro"	"Черваро"
"http://dbpedia.org/resource/Cervasca"	"Черваска"
"http://dbpedia.org/resource/Cervatto"	"Черватто"
"http://dbpedia.org/resource/Cervesina"	"Червезина"
"http://dbpedia.org/resource/Czerwień"	"Червен"
"http://dbpedia.org/resource/Červená_Řečice"	"Червена-Ржечице"
"http://dbpedia.org/resource/Cerveno"	"Червено"
"http://dbpedia.org/resource/Czerwieńsk"	"Червеньск"
"http://dbpedia.org/resource/Cervere"	"Червере"
"http://dbpedia.org/resource/Cerveteri"	"Черветере"
"http://dbpedia.org/resource/Cervicati"	"Червикати"
"http://dbpedia.org/resource/Cervinara"	"Червинара"
"http://dbpedia.org/resource/Cervino,_Campania"	"Червино"
"http://dbpedia.org/resource/Cervignano_del_Friuli"	"Червиньяно-дель-Фриули"
"http://dbpedia.org/resource/Cervignano_d'Adda"	"Червиньяно-д’Адда"
"http://dbpedia.org/resource/Cervia"	"Червия"
"http://dbpedia.org/resource/Cervo,_Liguria"	"Черво"
"http://dbpedia.org/resource/Chervonohrad"	"Червоноград"
"http://dbpedia.org/resource/Chervonohorod"	"Червоноград (Тернопольская область)"
"http://dbpedia.org/resource/Chervonozavodske"	"Червонозаводское"
"http://dbpedia.org/resource/Chervonopartyzansk"	"Червонопартизанск"
"http://dbpedia.org/resource/Czerwionka-Leszczyny"	"Червёнка-Лещины"
"http://dbpedia.org/resource/Cherdyn,_Perm_Krai"	"Чердынь"
"http://dbpedia.org/resource/Cerea"	"Череа"
"http://dbpedia.org/resource/Ceresara"	"Черезара"
"http://dbpedia.org/resource/Cereseto"	"Черезето"
"http://dbpedia.org/resource/Ceresole_Alba"	"Черезоле-Альба"
"http://dbpedia.org/resource/Ceresole_Reale"	"Черезоле-Реале"
"http://dbpedia.org/resource/Cerenzia"	"Черенция"
"http://dbpedia.org/resource/Ceregnano"	"Череньяно"
"http://dbpedia.org/resource/Cherepovets"	"Череповец"
"http://dbpedia.org/resource/Ceres,_Piedmont"	"Черес"
"http://dbpedia.org/resource/Ceretto_Lomellina"	"Черетто-Ломеллина"
"http://dbpedia.org/resource/Ceriale"	"Чериале"
"http://dbpedia.org/resource/Ceriana"	"Чериана"
"http://dbpedia.org/resource/Cerisano"	"Черизано"
"http://dbpedia.org/resource/Cerignale"	"Чериньяле"
"http://dbpedia.org/resource/Cherkaske,_Dnipropetrovsk_Oblast"	"Черкасское (Днепропетровская область)"
"http://dbpedia.org/resource/Cherkasy"	"Черкассы"
"http://dbpedia.org/resource/Cherkessk"	"Черкесск"
"http://dbpedia.org/resource/Cercola"	"Черкола"
"http://dbpedia.org/resource/Cerchio"	"Черкьо"
"http://dbpedia.org/resource/Cerchiara_di_Calabria"	"Черкьяра-ди-Калабрия"
"http://dbpedia.org/resource/Cermenate"	"Черменате"
"http://dbpedia.org/resource/Charmahin"	"Чермехин"
"http://dbpedia.org/resource/Cermignano"	"Черминьяно"
"http://dbpedia.org/resource/Cernavodă"	"Чернаводэ"
"http://dbpedia.org/resource/Czerniejewo"	"Чернеево (Польша)"
"http://dbpedia.org/resource/Chernihiv"	"Чернигов"
"http://dbpedia.org/resource/Cernobbio"	"Черноббьо"
"http://dbpedia.org/resource/Chernivtsi"	"Черновцы"
"http://dbpedia.org/resource/Chernogolovka"	"Черноголовка"
"http://dbpedia.org/resource/Chernogorsk"	"Черногорск"
"http://dbpedia.org/resource/Černošín"	"Черношин"
"http://dbpedia.org/resource/Černošice"	"Черношице"
"http://dbpedia.org/resource/Cernusco_Lombardone"	"Чернуско-Ломбардоне"
"http://dbpedia.org/resource/Cernusco_sul_Naviglio"	"Чернуско-суль-Навильо"
"http://dbpedia.org/resource/Chernushka,_Chernushinsky_District,_Perm_Krai"	"Чернушка (город)"
"http://dbpedia.org/resource/Cergnago"	"Черньяго"
"http://dbpedia.org/resource/Cherokee_Village,_Arkansas"	"Чероки-Виллидж (Арканзас)"
"http://dbpedia.org/resource/Cerreto_Guidi"	"Черрето-Гвиди"
"http://dbpedia.org/resource/Cerreto_Grue"	"Черрето-Груэ"
"http://dbpedia.org/resource/Cerreto_Castello"	"Черрето-Кастелло"
"http://dbpedia.org/resource/Cerreto_Laziale"	"Черрето-Лациале"
"http://dbpedia.org/resource/Cerreto_Sannita"	"Черрето-Саннита"
"http://dbpedia.org/resource/Cerreto_di_Spoleto"	"Черрето-ди-Сполето"
"http://dbpedia.org/resource/Cerreto_d'Asti"	"Черрето-д’Асти"
"http://dbpedia.org/resource/Cerreto_d'Esi"	"Черрето-д’Эзи"
"http://dbpedia.org/resource/Cerretto_Langhe"	"Черретто-Ланге"
"http://dbpedia.org/resource/Cherry_Valley,_Arkansas"	"Черри-Вэлли (Арканзас)"
"http://dbpedia.org/resource/Cerrina_Monferrato"	"Черрина-Монферрато"
"http://dbpedia.org/resource/Cerrione"	"Черрионе"
"http://dbpedia.org/resource/Cerro_Veronese"	"Черро-Веронезе"
"http://dbpedia.org/resource/Cerro_Maggiore"	"Черро-Маджоре"
"http://dbpedia.org/resource/Cerro_Tanaro"	"Черро-Танаро"
"http://dbpedia.org/resource/Cerro_al_Volturno"	"Черро-аль-Вольтурно"
"http://dbpedia.org/resource/Cerro_al_Lambro"	"Черро-аль-Ламбро"
"http://dbpedia.org/resource/Czersk"	"Черск (город)"
"http://dbpedia.org/resource/Cersosimo"	"Черсозимо"
"http://dbpedia.org/resource/Certaldo"	"Чертальдо"
"http://dbpedia.org/resource/Cerzeto"	"Черцето"
"http://dbpedia.org/resource/Cherche"	"Черче (Ивано-Франковская область)"
"http://dbpedia.org/resource/Cercemaggiore"	"Черчемаджоре"
"http://dbpedia.org/resource/Cercenasco"	"Черченаско"
"http://dbpedia.org/resource/Cercepiccola"	"Черчепиккола"
"http://dbpedia.org/resource/Cercivento"	"Черчивенто"
"http://dbpedia.org/resource/Cercino"	"Черчино"
"http://dbpedia.org/resource/Chesapeake,_Virginia"	"Чесапик (Виргиния)"
"http://dbpedia.org/resource/Česká_Kamenice"	"Ческа-Каменице"
"http://dbpedia.org/resource/Česká_Lípa"	"Ческа-Липа"
"http://dbpedia.org/resource/Česká_Třebová"	"Ческа-Тршебова"
"http://dbpedia.org/resource/České_Budějovice"	"Ческе-Будеёвице"
"http://dbpedia.org/resource/České_Velenice"	"Ческе-Веленице"
"http://dbpedia.org/resource/Český_Dub"	"Чески-Дуб"
"http://dbpedia.org/resource/Český_Krumlov"	"Чески-Крумлов"
"http://dbpedia.org/resource/Cessalto"	"Чессальто"
"http://dbpedia.org/resource/Cessaniti"	"Чессанити"
"http://dbpedia.org/resource/Cessapalombo"	"Чессапаломбо"
"http://dbpedia.org/resource/Cessole"	"Чессоле"
"http://dbpedia.org/resource/Cetara,_Campania"	"Четара"
"http://dbpedia.org/resource/Ceto,_Lombardy"	"Чето"
"http://dbpedia.org/resource/Cetona"	"Четона"
"http://dbpedia.org/resource/Cetraro"	"Четраро"
"http://dbpedia.org/resource/Quad_Cities"	"Четыре города"
"http://dbpedia.org/resource/Cefalù"	"Чефалу"
"http://dbpedia.org/resource/Chefornak,_Alaska"	"Чефорнак (Аляска)"
"http://dbpedia.org/resource/Chekhov,_Moscow_Oblast"	"Чехов (Московская область)"
"http://dbpedia.org/resource/Czechowice-Dziedzice"	"Чеховице-Дзедзице"
"http://dbpedia.org/resource/Cecima"	"Чечима"
"http://dbpedia.org/resource/Cecina,_Tuscany"	"Чечина (коммуна)"
"http://dbpedia.org/resource/Jecheon"	"Чечхон"
"http://dbpedia.org/resource/Çeşme"	"Чешме"
"http://dbpedia.org/resource/Changhua_City"	"Чжанхуа"
"http://dbpedia.org/resource/Zhangjiajie"	"Чжанцзяцзе"
"http://dbpedia.org/resource/Zhangqiu"	"Чжанцю"
"http://dbpedia.org/resource/Zhanjiang"	"Чжаньцзян"
"http://dbpedia.org/resource/Zhaodong"	"Чжаодун"
"http://dbpedia.org/resource/Zhaoyuan,_Shandong"	"Чжаоюань (Яньтай)"
"http://dbpedia.org/resource/Zhoukou"	"Чжоукоу"
"http://dbpedia.org/resource/Zhoushan"	"Чжоушань"
"http://dbpedia.org/resource/Zhuozhou"	"Чжочжоу"
"http://dbpedia.org/resource/Zhubei"	"Чжубэй"
"http://dbpedia.org/resource/Zhumadian"	"Чжумадянь"
"http://dbpedia.org/resource/Zhuhai"	"Чжухай"
"http://dbpedia.org/resource/Zhuzhou"	"Чжучжоу"
"http://dbpedia.org/resource/Zhucheng"	"Чжучэн"
"http://dbpedia.org/resource/Chiatura"	"Чиатура"
"http://dbpedia.org/resource/Chibi_City"	"Чиби (город)"
"http://dbpedia.org/resource/Cibiana_di_Cadore"	"Чибьяна-ди-Кадоре"
"http://dbpedia.org/resource/Civate"	"Чивате"
"http://dbpedia.org/resource/Civenna"	"Чивенна"
"http://dbpedia.org/resource/Civezza"	"Чивецца"
"http://dbpedia.org/resource/Civezzano"	"Чивеццано"
"http://dbpedia.org/resource/Cividale_del_Friuli"	"Чивидале-дель-Фриули"
"http://dbpedia.org/resource/Cividate_Camuno"	"Чивидате-Камуно"
"http://dbpedia.org/resource/Cividate_al_Piano"	"Чивидате-аль-Пьяно"
"http://dbpedia.org/resource/Civita,_Calabria"	"Чивита"
"http://dbpedia.org/resource/Civita_d'Antino"	"Чивита-д’Антино"
"http://dbpedia.org/resource/Civitavecchia"	"Чивитавеккья"
"http://dbpedia.org/resource/Civitacampomarano"	"Чивитакампомарано"
"http://dbpedia.org/resource/Civitaquana"	"Чивитакуана"
"http://dbpedia.org/resource/Civitaluparella"	"Чивиталупарелла"
"http://dbpedia.org/resource/Civitanova_Marche"	"Чивитанова-Марке"
"http://dbpedia.org/resource/Civitanova_del_Sannio"	"Чивитанова-дель-Саннио"
"http://dbpedia.org/resource/Civitella_Alfedena"	"Чивителла-Альфедена"
"http://dbpedia.org/resource/Civitella_Casanova"	"Чивителла-Казанова"
"http://dbpedia.org/resource/Civitella_Messer_Raimondo"	"Чивителла-Мессер-Раймондо"
"http://dbpedia.org/resource/Civitella_Paganico"	"Чивителла-Паганико"
"http://dbpedia.org/resource/Civitella_Roveto"	"Чивителла-Ровето"
"http://dbpedia.org/resource/Civitella_San_Paolo"	"Чивителла-Сан-Паоло"
"http://dbpedia.org/resource/Civitella_del_Tronto"	"Чивителла-дель-Тронто"
"http://dbpedia.org/resource/Civitella_di_Romagna"	"Чивителла-ди-Романья"
"http://dbpedia.org/resource/Civitella_d'Agliano"	"Чивителла-д’Альяно"
"http://dbpedia.org/resource/Civitella_in_Val_di_Chiana"	"Чивителла-ин-Валь-ди-Кьяна"
"http://dbpedia.org/resource/Civo"	"Чиво"
"http://dbpedia.org/resource/Civiasco"	"Чивьяско"
"http://dbpedia.org/resource/Chyhyryn"	"Чигирин (город)"
"http://dbpedia.org/resource/Chignik,_Alaska"	"Чигник"
"http://dbpedia.org/resource/Cigole"	"Чиголе"
"http://dbpedia.org/resource/Cigognola"	"Чигоньола"
"http://dbpedia.org/resource/Chidambaram"	"Чидамбарам"
"http://dbpedia.org/resource/Czyżew"	"Чижев (город)"
"http://dbpedia.org/resource/Cisano_sul_Neva"	"Чизано-суль-Нева"
"http://dbpedia.org/resource/Cislago"	"Чизлаго"
"http://dbpedia.org/resource/Cisliano"	"Чизлиано"
"http://dbpedia.org/resource/Cismon_del_Grappa"	"Чизмон-дель-Граппа"
"http://dbpedia.org/resource/Chisholm,_Minnesota"	"Чизолм (Миннесота)"
"http://dbpedia.org/resource/Cison_di_Valmarino"	"Чизон-Ди-Вальмарино"
"http://dbpedia.org/resource/Chicago"	"Чикаго"
"http://dbpedia.org/resource/Chickamaw_Beach,_Minnesota"	"Чикамо-Бич (город, Миннесота)"
"http://dbpedia.org/resource/Cicagna"	"Чиканья"
"http://dbpedia.org/resource/Chikkaballapur"	"Чикбаллапур"
"http://dbpedia.org/resource/Chiclana_de_Segura"	"Чиклана-де-Сегура"
"http://dbpedia.org/resource/Chiclana_de_la_Frontera"	"Чиклана-де-ла-Фронтера"
"http://dbpedia.org/resource/Chikmagalur"	"Чикмагалур"
"http://dbpedia.org/resource/Chico,_California"	"Чико (Калифорния)"
"http://dbpedia.org/resource/Ciconio"	"Чиконио"
"http://dbpedia.org/resource/Cicognolo"	"Чиконьоло"
"http://dbpedia.org/resource/Chicopee,_Massachusetts"	"Чикопи"
"http://dbpedia.org/resource/Cilavegna"	"Чилавенья"
"http://dbpedia.org/resource/Cilegon"	"Чилегон"
"http://dbpedia.org/resource/Chillicothe,_Ohio"	"Чилликоти"
"http://dbpedia.org/resource/Cigliè"	"Чилье"
"http://dbpedia.org/resource/Chilpancingo"	"Чильпансинго-де-лос-Браво"
"http://dbpedia.org/resource/Chilluévar"	"Чильюэвар"
"http://dbpedia.org/resource/Cigliano"	"Чильяно"
"http://dbpedia.org/resource/Cimadolmo"	"Чимадольмо"
"http://dbpedia.org/resource/Cimahi"	"Чимахи"
"http://dbpedia.org/resource/Cimbergo"	"Чимберго"
"http://dbpedia.org/resource/Chimbote"	"Чимботе"
"http://dbpedia.org/resource/Cimego"	"Чимего"
"http://dbpedia.org/resource/Chimeneas"	"Чименеас"
"http://dbpedia.org/resource/Ciminà"	"Чимина"
"http://dbpedia.org/resource/Cimitile"	"Чимитиле"
"http://dbpedia.org/resource/Chimichagua"	"Чимичагуа"
"http://dbpedia.org/resource/Cimolais"	"Чимолайс"
"http://dbpedia.org/resource/Cimone"	"Чимоне"
"http://dbpedia.org/resource/Cinaglio"	"Чинальо"
"http://dbpedia.org/resource/Cingoli"	"Чинголи"
"http://dbpedia.org/resource/Cingia_de'_Botti"	"Чинджа-де-Ботти"
"http://dbpedia.org/resource/Jinju"	"Чинджу"
"http://dbpedia.org/resource/Cinigiano"	"Чиниджано"
"http://dbpedia.org/resource/Cinisello_Balsamo"	"Чинизелло-Бальсамо"
"http://dbpedia.org/resource/Chiniot"	"Чиниот"
"http://dbpedia.org/resource/Cinquefrondi"	"Чинкуэфронди"
"http://dbpedia.org/resource/Cino"	"Чино"
"http://dbpedia.org/resource/Chino,_California"	"Чино (Калифорния)"
"http://dbpedia.org/resource/Cintano"	"Чинтано"
"http://dbpedia.org/resource/Cinte_Tesino"	"Чинте-Тезино"
"http://dbpedia.org/resource/Cinto_Caomaggiore"	"Чинто-Каомаджоре"
"http://dbpedia.org/resource/Cinto_Euganeo"	"Чинто-Эуганео"
"http://dbpedia.org/resource/Chinhoyi"	"Чинхойи"
"http://dbpedia.org/resource/Cinzano,_Piedmont"	"Чинцано (коммуна)"
"http://dbpedia.org/resource/Chipata"	"Чипата"
"http://dbpedia.org/resource/Chipiona"	"Чипиона"
"http://dbpedia.org/resource/Chiprana"	"Чипрана"
"http://dbpedia.org/resource/Cipressa"	"Чипресса"
"http://dbpedia.org/resource/Chirang_district"	"Чиранг (округ)"
"http://dbpedia.org/resource/Cirebon"	"Чиребон"
"http://dbpedia.org/resource/Chiriguaná"	"Чиригуана"
"http://dbpedia.org/resource/Cirigliano"	"Чирильяно"
"http://dbpedia.org/resource/Cirimido"	"Чиримидо"
"http://dbpedia.org/resource/Cirò,_Calabria"	"Чиро"
"http://dbpedia.org/resource/Cirò_Marina"	"Чиро-Марина"
"http://dbpedia.org/resource/Circello"	"Чирчелло"
"http://dbpedia.org/resource/Chirchiq"	"Чирчик (город)"
"http://dbpedia.org/resource/Cis,_Trentino"	"Чис"
"http://dbpedia.org/resource/Chisago_City,_Minnesota"	"Чисаго-Сити (город, Миннесота)"
"http://dbpedia.org/resource/Cissone"	"Чиссоне"
"http://dbpedia.org/resource/Cisterna_di_Latina"	"Чистерна-Ди-Латина"
"http://dbpedia.org/resource/Cisterna_d'Asti"	"Чистерна-д’Асти"
"http://dbpedia.org/resource/Cisternino"	"Чистернино"
"http://dbpedia.org/resource/Chistopol"	"Чистополь"
"http://dbpedia.org/resource/Citerna"	"Читерна"
"http://dbpedia.org/resource/Chitradurga"	"Читрадурга"
"http://dbpedia.org/resource/Città_Sant'Angelo"	"Читта-Сант-Анджело"
"http://dbpedia.org/resource/Città_della_Pieve"	"Читта-делла-Пьеве"
"http://dbpedia.org/resource/Città_di_Castello"	"Читта-ди-Кастелло"
"http://dbpedia.org/resource/Chittagong"	"Читтагонг"
"http://dbpedia.org/resource/Cittadella"	"Читтаделла"
"http://dbpedia.org/resource/Cittaducale"	"Читтадукале"
"http://dbpedia.org/resource/Cittanova"	"Читтанова"
"http://dbpedia.org/resource/Cittareale"	"Читтареале"
"http://dbpedia.org/resource/Cittiglio"	"Читтильо"
"http://dbpedia.org/resource/Chittorgarh"	"Читторгарх"
"http://dbpedia.org/resource/Chittoor"	"Читтур"
"http://dbpedia.org/resource/Chifeng"	"Чифэн"
"http://dbpedia.org/resource/Cicerale"	"Чичерале"
"http://dbpedia.org/resource/Chichester"	"Чичестер"
"http://dbpedia.org/resource/Chizhou"	"Чичжоу"
"http://dbpedia.org/resource/Ciciliano"	"Чичилиано"
"http://dbpedia.org/resource/Cicciano"	"Чиччано"
"http://dbpedia.org/resource/Chkalovsk,_Russia"	"Чкаловск (Нижегородская область)"
"http://dbpedia.org/resource/Człopa"	"Члопа"
"http://dbpedia.org/resource/Człuchów"	"Члухув"
"http://dbpedia.org/resource/Ćmielów"	"Чмелюв"
"http://dbpedia.org/resource/Choghadak"	"Чогадек"
"http://dbpedia.org/resource/Chodes"	"Чодес"
"http://dbpedia.org/resource/Jeonju"	"Чонджу"
"http://dbpedia.org/resource/Jeongeup"	"Чонып"
"http://dbpedia.org/resource/Ciorlano"	"Чорлано"
"http://dbpedia.org/resource/Chortkiv"	"Чортков"
"http://dbpedia.org/resource/Çorum"	"Чорум"
"http://dbpedia.org/resource/Chokhatauri"	"Чохатаури"
"http://dbpedia.org/resource/Chavar"	"Чуар"
"http://dbpedia.org/resource/Chuathbaluk,_Alaska"	"Чуатбалук"
"http://dbpedia.org/resource/Chuhuiv"	"Чугуев"
"http://dbpedia.org/resource/Chudovo"	"Чудово (значения)"
"http://dbpedia.org/resource/Chula_Vista,_California"	"Чула-Виста"
"http://dbpedia.org/resource/Chongzuo"	"Чунцзо"
"http://dbpedia.org/resource/Chongqing"	"Чунцин"
"http://dbpedia.org/resource/Churriana_de_la_Vega"	"Чурриана-де-ла-Вега"
"http://dbpedia.org/resource/Churu"	"Чуру (город)"
"http://dbpedia.org/resource/Chusovoy"	"Чусовой"
"http://dbpedia.org/resource/Chukhloma"	"Чухлома"
"http://dbpedia.org/resource/Chuzhou"	"Чучжоу"
"http://dbpedia.org/resource/Changwon"	"Чханвон"
"http://dbpedia.org/resource/Chhapra"	"Чхапра"
"http://dbpedia.org/resource/Chhatarpur"	"Чхатарпур"
"http://dbpedia.org/resource/Chhatrapur"	"Чхатрапур"
"http://dbpedia.org/resource/Chhibramau"	"Чхибрамау"
"http://dbpedia.org/resource/Chhindwara"	"Чхиндвара"
"http://dbpedia.org/resource/Cheonan"	"Чхонан"
"http://dbpedia.org/resource/Chongjin"	"Чхонджин"
"http://dbpedia.org/resource/Cheongju"	"Чхонджу"
"http://dbpedia.org/resource/Chkhorotsqu"	"Чхороцку"
"http://dbpedia.org/resource/Czchów"	"Чхув"
"http://dbpedia.org/resource/Chungju"	"Чхунджу"
"http://dbpedia.org/resource/Chuncheon"	"Чхунчхон (город)"
"http://dbpedia.org/resource/Čierna_nad_Tisou"	"Чьерна-над-Тисоу"
"http://dbpedia.org/resource/Lhasa"	"Чэнгуань (Лхаса)"
"http://dbpedia.org/resource/Chengdu"	"Чэнду"
"http://dbpedia.org/resource/Chengde"	"Чэндэ"
"http://dbpedia.org/resource/Chenzhou"	"Чэньчжоу"
"http://dbpedia.org/resource/Bir_Tibetan_Colony"	"Чёган (Кангра)"
"http://dbpedia.org/resource/Chyormoz"	"Чёрмоз"
"http://dbpedia.org/resource/Shaartuz"	"Шаартуз"
"http://dbpedia.org/resource/Shageluk,_Alaska"	"Шагелук (Аляска)"
"http://dbpedia.org/resource/Šahy"	"Шаги"
"http://dbpedia.org/resource/Shagonar"	"Шагонар"
"http://dbpedia.org/resource/Shaghur"	"Шагур"
"http://dbpedia.org/resource/Shadegan"	"Шадеган"
"http://dbpedia.org/resource/Szadek"	"Шадек (Польша)"
"http://dbpedia.org/resource/Shadrinsk"	"Шадринск"
"http://dbpedia.org/resource/Shazand"	"Шазенд"
"http://dbpedia.org/resource/Xai-Xai"	"Шаи-Шаи"
"http://dbpedia.org/resource/Scheibenhardt"	"Шайбенхардт"
"http://dbpedia.org/resource/Scheiblingkirchen-Thernberg"	"Шайблингкирхен-Тернберг"
"http://dbpedia.org/resource/Scheibbs"	"Шайбс"
"http://dbpedia.org/resource/Cheyenne,_Wyoming"	"Шайенн (Вайоминг)"
"http://dbpedia.org/resource/Sajószentpéter"	"Шайосентпетер"
"http://dbpedia.org/resource/Sciacca"	"Шакка"
"http://dbpedia.org/resource/Shakopee,_Minnesota"	"Шакопи (город, Миннесота)"
"http://dbpedia.org/resource/Shaktoolik,_Alaska"	"Шактулик (Аляска)"
"http://dbpedia.org/resource/Šakiai"	"Шакяй"
"http://dbpedia.org/resource/Shali,_Chechen_Republic"	"Шали"
"http://dbpedia.org/resource/Challand-Saint-Victor"	"Шаллан-Сен-Виктор"
"http://dbpedia.org/resource/Challand-Saint-Anselme"	"Шаллан-Сент-Ансельм"
"http://dbpedia.org/resource/Shal"	"Шаль (город)"
"http://dbpedia.org/resource/Salgótarján"	"Шальготарьян"
"http://dbpedia.org/resource/Šalčininkai"	"Шальчининкай"
"http://dbpedia.org/resource/Šaľa"	"Шаля (Словакия)"
"http://dbpedia.org/resource/Chambave"	"Шамбав"
"http://dbpedia.org/resource/Champdepraz"	"Шамдепра"
"http://dbpedia.org/resource/Chamonix"	"Шамони"
"http://dbpedia.org/resource/Šamorín"	"Шаморин"
"http://dbpedia.org/resource/Szamotuły"	"Шамотулы"
"http://dbpedia.org/resource/Szamocin"	"Шамоцин"
"http://dbpedia.org/resource/Champaign,_Illinois"	"Шампейн (Иллинойс)"
"http://dbpedia.org/resource/Champorcher"	"Шампорше"
"http://dbpedia.org/resource/Chamois,_Aosta_Valley"	"Шамуа (Валле-д’Аоста)"
"http://dbpedia.org/resource/Shungnak,_Alaska"	"Шангнак (Аляска)"
"http://dbpedia.org/resource/Schandorf"	"Шандорф"
"http://dbpedia.org/resource/Shangrao"	"Шанжао"
"http://dbpedia.org/resource/Shantipur"	"Шантипур"
"http://dbpedia.org/resource/Shanghai"	"Шанхай"
"http://dbpedia.org/resource/Chanhassen,_Minnesota"	"Шанхассен (город, Миннесота)"
"http://dbpedia.org/resource/Shangqiu"	"Шанцю"
"http://dbpedia.org/resource/Shangzhi"	"Шанчжи"
"http://dbpedia.org/resource/Shantou"	"Шаньтоу"
"http://dbpedia.org/resource/Shaoshan"	"Шаошань"
"http://dbpedia.org/resource/Shaoyang"	"Шаоян"
"http://dbpedia.org/resource/Charvensod"	"Шарвансо"
"http://dbpedia.org/resource/Sharhorod"	"Шаргород"
"http://dbpedia.org/resource/Charlottesville,_Virginia"	"Шарлотсвилл (Виргиния)"
"http://dbpedia.org/resource/Charlotte,_North_Carolina"	"Шарлотт (Северная Каролина)"
"http://dbpedia.org/resource/Scharndorf"	"Шарндорф"
"http://dbpedia.org/resource/Sharya"	"Шарья"
"http://dbpedia.org/resource/Châtillon,_Aosta_Valley"	"Шатийон (Валле-д’Аоста)"
"http://dbpedia.org/resource/Schattendorf"	"Шаттендорф"
"http://dbpedia.org/resource/Shatura"	"Шатура"
"http://dbpedia.org/resource/Schaffhausen"	"Шаффхаузен"
"http://dbpedia.org/resource/Shah_Alam"	"Шах-Алам"
"http://dbpedia.org/resource/Shahjahanpur"	"Шахджаханпур"
"http://dbpedia.org/resource/Schachendorf"	"Шахендорф"
"http://dbpedia.org/resource/Shahin_Dezh"	"Шахиндеж"
"http://dbpedia.org/resource/Shahin_Shahr"	"Шахиншехр"
"http://dbpedia.org/resource/Shahr-e_Babak"	"Шахре-Бабек"
"http://dbpedia.org/resource/Shahr-e_Sukhteh"	"Шахри-Сухте"
"http://dbpedia.org/resource/Shakhty"	"Шахты"
"http://dbpedia.org/resource/Shakhtarsk"	"Шахтёрск (Донецкая область)"
"http://dbpedia.org/resource/Shakhtyorsk"	"Шахтёрск (Сахалинская область)"
"http://dbpedia.org/resource/Shakhunya"	"Шахунья"
"http://dbpedia.org/resource/Shatsk,_Russia"	"Шацк (город)"
"http://dbpedia.org/resource/Šaštín-Stráže"	"Шаштин-Страже"
"http://dbpedia.org/resource/Schwadorf"	"Швадорф (Нижняя Австрия)"
"http://dbpedia.org/resource/Schwarzau_am_Steinfeld"	"Шварцау-ам-Штайнфельде"
"http://dbpedia.org/resource/Schwarzau_im_Gebirge"	"Шварцау-им-Гебирге"
"http://dbpedia.org/resource/Schwarzenbach_an_der_Pielach"	"Шварценбах-на-Пилахе"
"http://dbpedia.org/resource/Schwaz"	"Швац"
"http://dbpedia.org/resource/Švenčionėliai"	"Швенчёнеляй"
"http://dbpedia.org/resource/Schwerin"	"Шверин"
"http://dbpedia.org/resource/Schwechat"	"Швехат"
"http://dbpedia.org/resource/Švihov_(Klatovy_District)"	"Швигов"
"http://dbpedia.org/resource/Schwyz"	"Швиц (город)"
"http://dbpedia.org/resource/Švenčionys"	"Швянчёнис"
"http://dbpedia.org/resource/Shabankareh"	"Шебанкаре"
"http://dbpedia.org/resource/Shebekino"	"Шебекино"
"http://dbpedia.org/resource/Sheboygan,_Wisconsin"	"Шебойган (Висконсин)"
"http://dbpedia.org/resource/Shevlin,_Minnesota"	"Шевлин (город, Миннесота)"
"http://dbpedia.org/resource/Šeduva"	"Шедува"
"http://dbpedia.org/resource/Shafer,_Minnesota"	"Шейфер (город, Миннесота)"
"http://dbpedia.org/resource/Sheikhpura"	"Шейхпура"
"http://dbpedia.org/resource/Šekovići"	"Шековичи"
"http://dbpedia.org/resource/Shalamzar"	"Шелемзар"
"http://dbpedia.org/resource/Shelekhov"	"Шелехов (город)"
"http://dbpedia.org/resource/Shelly,_Minnesota"	"Шелли (город, Миннесота)"
"http://dbpedia.org/resource/Shonbeh"	"Шембе"
"http://dbpedia.org/resource/Shenkursk"	"Шенкурск"
"http://dbpedia.org/resource/Shannon_Hills,_Arkansas"	"Шеннон-Хилс (Арканзас)"
"http://dbpedia.org/resource/Shepetivka"	"Шепетовка"
"http://dbpedia.org/resource/Szepietowo"	"Шепетово (город)"
"http://dbpedia.org/resource/Shepparton"	"Шеппартон"
"http://dbpedia.org/resource/Sherburn,_Minnesota"	"Шерберн (город, Миннесота)"
"http://dbpedia.org/resource/Cherbourg-Octeville"	"Шербур-Октевиль"
"http://dbpedia.org/resource/Sherwood,_North_Dakota"	"Шервуд (Северная Дакота)"
"http://dbpedia.org/resource/Schärding"	"Шердинг"
"http://dbpedia.org/resource/Sheridan,_Arkansas"	"Шеридан (Арканзас)"
"http://dbpedia.org/resource/Sheridan,_Wyoming"	"Шеридан (Вайоминг)"
"http://dbpedia.org/resource/Sherman,_Texas"	"Шерман (Техас)"
"http://dbpedia.org/resource/Scerni"	"Шерни"
"http://dbpedia.org/resource/Shefa-'Amr"	"Шефарам"
"http://dbpedia.org/resource/Sheffield"	"Шеффилд"
"http://dbpedia.org/resource/Sheffield,_Alabama"	"Шеффилд (Алабама)"
"http://dbpedia.org/resource/Shahdad"	"Шехдад"
"http://dbpedia.org/resource/Shahr-e_Pir"	"Шехр-э-Пир"
"http://dbpedia.org/resource/Shahrekord"	"Шехре-Корд"
"http://dbpedia.org/resource/Shahreza"	"Шехреза"
"http://dbpedia.org/resource/Sheshdeh"	"Шешде"
"http://dbpedia.org/resource/Ski,_Norway"	"Ши (коммуна)"
"http://dbpedia.org/resource/Šibenik"	"Шибеник"
"http://dbpedia.org/resource/Chibougamau"	"Шибугамо"
"http://dbpedia.org/resource/Sivaganga"	"Шиваганга"
"http://dbpedia.org/resource/Shivpuri"	"Шивпури"
"http://dbpedia.org/resource/Szydłowiec"	"Шидловец"
"http://dbpedia.org/resource/Scido"	"Шидо"
"http://dbpedia.org/resource/Skien"	"Шиен"
"http://dbpedia.org/resource/Chicoutimi"	"Шикутими"
"http://dbpedia.org/resource/Šilalė"	"Шилале"
"http://dbpedia.org/resource/Şile"	"Шиле (Стамбул)"
"http://dbpedia.org/resource/Shilka_(town)"	"Шилка (город)"
"http://dbpedia.org/resource/Shillong"	"Шиллонг"
"http://dbpedia.org/resource/Šilutė"	"Шилуте"
"http://dbpedia.org/resource/Scigliano"	"Шильяно"
"http://dbpedia.org/resource/Shimanovsk"	"Шимановск"
"http://dbpedia.org/resource/Shimla"	"Шимла"
"http://dbpedia.org/resource/Shimoga"	"Шимога"
"http://dbpedia.org/resource/Chimoio"	"Шимойо"
"http://dbpedia.org/resource/Chinguetti"	"Шингетти"
"http://dbpedia.org/resource/Shinyanga"	"Шиньянга"
"http://dbpedia.org/resource/Shypyntsi"	"Шипинцы"
"http://dbpedia.org/resource/Šipovo"	"Шипово (Республика Сербская)"
"http://dbpedia.org/resource/Shiraz"	"Шираз"
"http://dbpedia.org/resource/Shirvan_(city)"	"Ширван (Азербайджан)"
"http://dbpedia.org/resource/Shirvan,_Iran"	"Ширван (Иран)"
"http://dbpedia.org/resource/Širvintos"	"Ширвинтос"
"http://dbpedia.org/resource/Schiefling_am_See"	"Шифлинг-ам-Зе"
"http://dbpedia.org/resource/Shikhany"	"Шиханы (Саратовская область)"
"http://dbpedia.org/resource/Shizuishan"	"Шицзуйшань"
"http://dbpedia.org/resource/Shijiazhuang"	"Шицзячжуан"
"http://dbpedia.org/resource/Scisciano"	"Шишано"
"http://dbpedia.org/resource/Shishmaref,_Alaska"	"Шишмарёв (Аляска)"
"http://dbpedia.org/resource/Shiyan"	"Шиянь"
"http://dbpedia.org/resource/Szklarska_Poręba"	"Шклярска-Поремба"
"http://dbpedia.org/resource/Shkodër"	"Шкодер"
"http://dbpedia.org/resource/Schleife"	"Шлайфе"
"http://dbpedia.org/resource/Šlapanice"	"Шлапанице"
"http://dbpedia.org/resource/Schleedorf"	"Шледорф (Зальцбург)"
"http://dbpedia.org/resource/Schlieren,_Switzerland"	"Шлирен"
"http://dbpedia.org/resource/Shlisselburg"	"Шлиссельбург"
"http://dbpedia.org/resource/Szlichtyngowa"	"Шлихтынгова"
"http://dbpedia.org/resource/Šluknov"	"Шлукнов"
"http://dbpedia.org/resource/Chokio,_Minnesota"	"Шокайо (город, Миннесота)"
"http://dbpedia.org/resource/Schollach"	"Шоллах (Нижняя Австрия)"
"http://dbpedia.org/resource/Sciolze"	"Шольце"
"http://dbpedia.org/resource/Shawnee,_Kansas"	"Шони (Канзас)"
"http://dbpedia.org/resource/Shawnee,_Oklahoma"	"Шони (Оклахома)"
"http://dbpedia.org/resource/Shorapani"	"Шорапани"
"http://dbpedia.org/resource/Shoreview,_Minnesota"	"Шорвью (город, Миннесота)"
"http://dbpedia.org/resource/Shostka"	"Шостка"
"http://dbpedia.org/resource/Schottwien"	"Шотвин"
"http://dbpedia.org/resource/Shouguang"	"Шоугуан"
"http://dbpedia.org/resource/Spannberg"	"Шпаннберг"
"http://dbpedia.org/resource/Spillern"	"Шпиллерн"
"http://dbpedia.org/resource/Špindlerův_Mlýn"	"Шпиндлерув-Млин"
"http://dbpedia.org/resource/Spittal_an_der_Drau"	"Шпитталь-ан-дер-Драу"
"http://dbpedia.org/resource/Spiez"	"Шпиц (Берн)"
"http://dbpedia.org/resource/Spitz,_Austria"	"Шпиц (Вахау)"
"http://dbpedia.org/resource/Splügen"	"Шплюген"
"http://dbpedia.org/resource/Shpola"	"Шпола"
"http://dbpedia.org/resource/Spreitenbach"	"Шпрайтенбах"
"http://dbpedia.org/resource/Szprotawa"	"Шпротава (город)"
"http://dbpedia.org/resource/Schrattenbach"	"Шраттенбах"
"http://dbpedia.org/resource/Schrattenberg"	"Шраттенберг"
"http://dbpedia.org/resource/Schrattenthal"	"Шраттенталь"
"http://dbpedia.org/resource/Schrems"	"Шремс (Нижняя Австрия)"
"http://dbpedia.org/resource/Sri_Ganganagar"	"Шри-Ганганагар"
"http://dbpedia.org/resource/Shreveport,_Louisiana"	"Шривпорт"
"http://dbpedia.org/resource/Srikakulam"	"Шрикакулам"
"http://dbpedia.org/resource/Srinagar,_Uttarakhand"	"Шринагар (Уттаракханд)"
"http://dbpedia.org/resource/Srirangam"	"Шрирангам"
"http://dbpedia.org/resource/Srirangapatna"	"Шрирангапатнам"
"http://dbpedia.org/resource/Srisailam"	"Шрисайлам"
"http://dbpedia.org/resource/Stadtschlaining"	"Штадтшлайнинг"
"http://dbpedia.org/resource/Stein_am_Rhein"	"Штайн-ам-Райн"
"http://dbpedia.org/resource/Steinakirchen_am_Forst"	"Штайнакирхен-ам-Форст"
"http://dbpedia.org/resource/Steinberg-Dörfl"	"Штайнберг-Дёрфль"
"http://dbpedia.org/resource/Steinbrunn"	"Штайнбрунн"
"http://dbpedia.org/resource/Steindorf_am_Ossiacher_See"	"Штайндорф-ам-Оссиахер-Зее"
"http://dbpedia.org/resource/Steinfeld,_Austria"	"Штайнфельд (Каринтия)"
"http://dbpedia.org/resource/Stainztal"	"Штайнцталь"
"http://dbpedia.org/resource/Stall,_Austria"	"Шталль (Мёльталь)"
"http://dbpedia.org/resource/Stallhof"	"Штальхоф"
"http://dbpedia.org/resource/Stans"	"Штанс"
"http://dbpedia.org/resource/Statzendorf"	"Штатцендорф"
"http://dbpedia.org/resource/Staatz"	"Штац"
"http://dbpedia.org/resource/Stegersbach"	"Штегерсбах"
"http://dbpedia.org/resource/Steckborn"	"Штекборн"
"http://dbpedia.org/resource/Šternberk"	"Штернберк (Оломоуцкий край)"
"http://dbpedia.org/resource/Štětí"	"Штети"
"http://dbpedia.org/resource/Stetteldorf_am_Wagram"	"Штеттельдорф-ам-Ваграм"
"http://dbpedia.org/resource/Stetten,_Austria"	"Штеттен (Нижняя Австрия)"
"http://dbpedia.org/resource/Stäfa"	"Штефа"
"http://dbpedia.org/resource/Ștefan_Vodă"	"Штефан-Водэ"
"http://dbpedia.org/resource/Steffisburg"	"Штеффисбург"
"http://dbpedia.org/resource/Stinatz"	"Штинац"
"http://dbpedia.org/resource/Štip"	"Штип"
"http://dbpedia.org/resource/Stoob"	"Штоб"
"http://dbpedia.org/resource/Steuerberg"	"Штойерберг"
"http://dbpedia.org/resource/Stockenboi"	"Штоккенбой"
"http://dbpedia.org/resource/Stockerau"	"Штоккерау"
"http://dbpedia.org/resource/Stotzing"	"Штоцинг"
"http://dbpedia.org/resource/Stralsund"	"Штральзунд"
"http://dbpedia.org/resource/Štramberk"	"Штрамберк"
"http://dbpedia.org/resource/Straning-Grafenberg"	"Штранинг-Графенберг"
"http://dbpedia.org/resource/Straß_im_Straßertale"	"Штрас-им-Штрассертале"
"http://dbpedia.org/resource/Straßburg,_Austria"	"Штрасбург (Каринтия)"
"http://dbpedia.org/resource/Straßwalchen"	"Штрасвальхен"
"http://dbpedia.org/resource/Strasshof_an_der_Nordbahn"	"Штрасхоф-ан-дер-Нордбан"
"http://dbpedia.org/resource/Stratzing"	"Штратцинг"
"http://dbpedia.org/resource/Strem"	"Штрем"
"http://dbpedia.org/resource/Strengberg"	"Штренгберг"
"http://dbpedia.org/resource/Strobl"	"Штробль-ам-Вольфгангзе"
"http://dbpedia.org/resource/Stronsdorf"	"Штронсдорф"
"http://dbpedia.org/resource/Sztum"	"Штум (Польша)"
"http://dbpedia.org/resource/Štúrovo"	"Штурово"
"http://dbpedia.org/resource/Stuttgart"	"Штутгарт"
"http://dbpedia.org/resource/Stössing"	"Штёссинг"
"http://dbpedia.org/resource/Shuangyashan"	"Шуанъяшань"
"http://dbpedia.org/resource/Shuakhevi"	"Шуахеви"
"http://dbpedia.org/resource/Tell_Leilan"	"Шубат-Энлиль"
"http://dbpedia.org/resource/Szubin"	"Шубин (Польша)"
"http://dbpedia.org/resource/Sugar_Land,_Texas"	"Шугар-Ленд"
"http://dbpedia.org/resource/Shulan"	"Шулань"
"http://dbpedia.org/resource/Shumerlya"	"Шумерля"
"http://dbpedia.org/resource/Šumperk"	"Шумперк"
"http://dbpedia.org/resource/Shumsk"	"Шумск"
"http://dbpedia.org/resource/Shurab,_Tajikistan"	"Шураб"
"http://dbpedia.org/resource/Šurany"	"Шурани"
"http://dbpedia.org/resource/Shuruppak"	"Шуруппак"
"http://dbpedia.org/resource/Shushtar"	"Шуштер"
"http://dbpedia.org/resource/Shuya"	"Шуя (значения)"
"http://dbpedia.org/resource/Shymkent"	"Шымкент"
"http://dbpedia.org/resource/Shenzhen"	"Шэньчжэнь"
"http://dbpedia.org/resource/Shenyang"	"Шэньян"
"http://dbpedia.org/resource/Schützen_am_Gebirge"	"Шютцен-ам-Гебирге"
"http://dbpedia.org/resource/Šiauliai"	"Шяуляй"
"http://dbpedia.org/resource/Schönau_an_der_Triesting"	"Шёнау-на-Тристинге"
"http://dbpedia.org/resource/Schönberg_am_Kamp"	"Шёнберг-ам-Камп"
"http://dbpedia.org/resource/Schönbühel-Aggsbach"	"Шёнбюэль-Агсбах"
"http://dbpedia.org/resource/Schönkirchen-Reyersdorf"	"Шёнкирхен-Райерсдорф"
"http://dbpedia.org/resource/Szczawnica"	"Щавница"
"http://dbpedia.org/resource/Szczawno-Zdrój"	"Щавно-Здруй"
"http://dbpedia.org/resource/Szczebrzeszyn"	"Щебжешин"
"http://dbpedia.org/resource/Szczekociny"	"Щекоцины"
"http://dbpedia.org/resource/Shcherbinka"	"Щербинка"
"http://dbpedia.org/resource/Szczecin"	"Щецин"
"http://dbpedia.org/resource/Szczecinek"	"Щецинек"
"http://dbpedia.org/resource/Szczyrk"	"Щирк"
"http://dbpedia.org/resource/Szczytna"	"Щитна"
"http://dbpedia.org/resource/Szczytno"	"Щитно"
"http://dbpedia.org/resource/Shchors_(city)"	"Щорс (город)"
"http://dbpedia.org/resource/Szczucin"	"Щуцин (город)"
"http://dbpedia.org/resource/Szczuczyn"	"Щучин (Польша)"
"http://dbpedia.org/resource/Shcholkine"	"Щёлкино"
"http://dbpedia.org/resource/Shchyolkovo"	"Щёлково"
"http://dbpedia.org/resource/Iğdır"	"Ыгдыр"
"http://dbpedia.org/resource/Uiwang"	"Ыйван"
"http://dbpedia.org/resource/Uijeongbu"	"Ыйджонбу"
"http://dbpedia.org/resource/Abbeville,_Louisiana"	"Эббивилл (Луизиана)"
"http://dbpedia.org/resource/Abbeville,_South_Carolina"	"Эббивилл (Южная Каролина)"
"http://dbpedia.org/resource/Ebenau"	"Эбенау"
"http://dbpedia.org/resource/Ebensee"	"Эбензе"
"http://dbpedia.org/resource/Ebenthal,_Lower_Austria"	"Эбенталь"
"http://dbpedia.org/resource/Ebenthal"	"Эбенталь (Каринтия)"
"http://dbpedia.org/resource/Ebenfurth"	"Эбенфурт"
"http://dbpedia.org/resource/Eberau"	"Эберау"
"http://dbpedia.org/resource/Ebergassing"	"Эбергассинг"
"http://dbpedia.org/resource/Abarkuh"	"Эберку"
"http://dbpedia.org/resource/Eberndorf"	"Эберндорф"
"http://dbpedia.org/resource/Eberstein,_Austria"	"Эберштайн"
"http://dbpedia.org/resource/Ebikon"	"Эбикон"
"http://dbpedia.org/resource/Ebina,_Kanagawa"	"Эбина"
"http://dbpedia.org/resource/Ebino,_Miyazaki"	"Эбино"
"http://dbpedia.org/resource/Ebla"	"Эбла"
"http://dbpedia.org/resource/Eboli"	"Эболи"
"http://dbpedia.org/resource/Ebolowa"	"Эболова"
"http://dbpedia.org/resource/Ebreichsdorf"	"Эбрайхсдорф"
"http://dbpedia.org/resource/Abrisham"	"Эбришем"
"http://dbpedia.org/resource/Evaz"	"Эваз (Иран)"
"http://dbpedia.org/resource/Evan,_Minnesota"	"Эван (город, Миннесота)"
"http://dbpedia.org/resource/Evansville,_Indiana"	"Эвансвилл"
"http://dbpedia.org/resource/Evansville,_Minnesota"	"Эвансвилл (город, Миннесота)"
"http://dbpedia.org/resource/Evanston,_Wyoming"	"Эванстон (Вайоминг)"
"http://dbpedia.org/resource/Evanston,_Illinois"	"Эванстон (Иллинойс)"
"http://dbpedia.org/resource/Everett,_Washington"	"Эверетт (Вашингтон)"
"http://dbpedia.org/resource/Eveleth,_Minnesota"	"Эвлет (город, Миннесота)"
"http://dbpedia.org/resource/Évora"	"Эвора"
"http://dbpedia.org/resource/Eggenburg"	"Эггенбург"
"http://dbpedia.org/resource/Eggendorf,_Lower_Austria"	"Эггендорф (Нижняя Австрия)"
"http://dbpedia.org/resource/Eggern"	"Эггерн"
"http://dbpedia.org/resource/Aegina"	"Эгина (остров)"
"http://dbpedia.org/resource/Eglisau"	"Эглизау"
"http://dbpedia.org/resource/Aigle"	"Эгль"
"http://dbpedia.org/resource/Gnatia"	"Эгнация"
"http://dbpedia.org/resource/Aegospotami"	"Эгоспотамы"
"http://dbpedia.org/resource/Ad-Damazin"	"Эд-Дамазин"
"http://dbpedia.org/resource/Ad-Damir"	"Эд-Дамер"
"http://dbpedia.org/resource/Dammam"	"Эд-Даммам"
"http://dbpedia.org/resource/Ad-Dawr"	"Эд-Даур"
"http://dbpedia.org/resource/Al_Diwaniyah"	"Эд-Дивания"
"http://dbpedia.org/resource/Oed-Öhling"	"Эд-Элинг"
"http://dbpedia.org/resource/Edelsgrub"	"Эдельсгруб"
"http://dbpedia.org/resource/Edelstal"	"Эдельсталь"
"http://dbpedia.org/resource/Adairville,_Kentucky"	"Эдервилль (Кентукки)"
"http://dbpedia.org/resource/Edessa"	"Эдесса"
"http://dbpedia.org/resource/Edgerton,_Minnesota"	"Эджертон (город, Миннесота)"
"http://dbpedia.org/resource/Ejin_Horo_Banner"	"Эджэн-Хоро-Ци"
"http://dbpedia.org/resource/Edinburgh"	"Эдинбург"
"http://dbpedia.org/resource/Edirne"	"Эдирне"
"http://dbpedia.org/resource/Edmond,_Oklahoma"	"Эдмонт (Оклахома)"
"http://dbpedia.org/resource/Edmonton"	"Эдмонтон"
"http://dbpedia.org/resource/Edmundston"	"Эдмундстон (Нью-Брансуик)"
"http://dbpedia.org/resource/Edolo"	"Эдоло"
"http://dbpedia.org/resource/Edremit,_Balıkesir"	"Эдремит"
"http://dbpedia.org/resource/Ežerėlis"	"Эжерелис"
"http://dbpedia.org/resource/Esanatoglia"	"Эзанатолья"
"http://dbpedia.org/resource/Azandarian"	"Эзендериан"
"http://dbpedia.org/resource/Esine"	"Эзине"
"http://dbpedia.org/resource/Esino_Lario"	"Эзино-Ларио"
"http://dbpedia.org/resource/Azna,_Lorestan"	"Эзна"
"http://dbpedia.org/resource/Eyvan"	"Эйван"
"http://dbpedia.org/resource/Avon,_Minnesota"	"Эйвон (город, Миннесота)"
"http://dbpedia.org/resource/Ada,_Minnesota"	"Эйда (город, Миннесота)"
"http://dbpedia.org/resource/Adrian,_Minnesota"	"Эйдриан (город, Миннесота)"
"http://dbpedia.org/resource/Akeley,_Minnesota"	"Эйкли (город, Миннесота)"
"http://dbpedia.org/resource/Aylmer,_Quebec"	"Эйлмер (Квебек)"
"http://dbpedia.org/resource/Eyl"	"Эйль"
"http://dbpedia.org/resource/IJmuiden"	"Эймёйден"
"http://dbpedia.org/resource/Ein_Karem"	"Эйн-Карем"
"http://dbpedia.org/resource/Eindhoven"	"Эйндховен"
"http://dbpedia.org/resource/Ainsworth,_Nebraska"	"Эйнсуорт (Небраска)"
"http://dbpedia.org/resource/Aigio"	"Эйон"
"http://dbpedia.org/resource/Aitkin,_Minnesota"	"Эйткин (город, Миннесота)"
"http://dbpedia.org/resource/Eitzen,_Minnesota"	"Эйцен"
"http://dbpedia.org/resource/Eišiškės"	"Эйшишкес"
"http://dbpedia.org/resource/Ekallatum"	"Экаллатум"
"http://dbpedia.org/resource/Ecbatana"	"Экбатана"
"http://dbpedia.org/resource/Eckartsau"	"Эккартзау"
"http://dbpedia.org/resource/Eckernförde"	"Эккернфёрде"
"http://dbpedia.org/resource/Eqlid"	"Эклид"
"http://dbpedia.org/resource/Echo,_Minnesota"	"Эко (город, Миннесота)"
"http://dbpedia.org/resource/Ekron"	"Экрон"
"http://dbpedia.org/resource/Exeter"	"Эксетер"
"http://dbpedia.org/resource/Exilles"	"Эксиллес"
"http://dbpedia.org/resource/Elateia"	"Элатея"
"http://dbpedia.org/resource/Elba,_Minnesota"	"Элба (город, Миннесота)"
"http://dbpedia.org/resource/Elberton,_Georgia"	"Элбертон (Джорджия)"
"http://dbpedia.org/resource/Elva,_Estonia"	"Элва"
"http://dbpedia.org/resource/Elgin,_Moray"	"Элгин"
"http://dbpedia.org/resource/Elgin,_Illinois"	"Элджин (Иллинойс)"
"http://dbpedia.org/resource/Elgin,_Minnesota"	"Элджин (город, Миннесота)"
"http://dbpedia.org/resource/Eldoret"	"Элдорет"
"http://dbpedia.org/resource/Alavicheh"	"Элевидже"
"http://dbpedia.org/resource/Eleutherae"	"Элевферы"
"http://dbpedia.org/resource/Elektrėnai"	"Электренай"
"http://dbpedia.org/resource/Elektrogorsk"	"Электрогорск"
"http://dbpedia.org/resource/Elektrostal"	"Электросталь"
"http://dbpedia.org/resource/Elektrougli"	"Электроугли"
"http://dbpedia.org/resource/Velia"	"Элея"
"http://dbpedia.org/resource/Ely,_Nevada"	"Эли (Невада)"
"http://dbpedia.org/resource/Aligudarz"	"Элигудерз"
"http://dbpedia.org/resource/Elizabeth,_New_Jersey"	"Элизабет (Нью-Джерси)"
"http://dbpedia.org/resource/Elizabeth,_Minnesota"	"Элизабет (город, Миннесота)"
"http://dbpedia.org/resource/Elysian,_Minnesota"	"Элизайан (город, Миннесота)"
"http://dbpedia.org/resource/Elixhausen"	"Эликсхаузен"
"http://dbpedia.org/resource/Elim,_Alaska"	"Элим (Аляска)"
"http://dbpedia.org/resource/Elini"	"Элини"
"http://dbpedia.org/resource/Elyria,_Ohio"	"Элирия"
"http://dbpedia.org/resource/Elista"	"Элиста"
"http://dbpedia.org/resource/Elice"	"Эличе"
"http://dbpedia.org/resource/Ełk"	"Элк"
"http://dbpedia.org/resource/Elk_Grove,_California"	"Элк-Гров (Калифорния)"
"http://dbpedia.org/resource/Elk_River,_Minnesota"	"Элк-Ривер (Миннесота)"
"http://dbpedia.org/resource/Elkins,_Arkansas"	"Элкинс (Арканзас)"
"http://dbpedia.org/resource/Elko,_Nevada"	"Элко (Невада)"
"http://dbpedia.org/resource/Elkton,_Minnesota"	"Элктон (город, Миннесота)"
"http://dbpedia.org/resource/Ellendale,_Minnesota"	"Эллендейл (город, Миннесота)"
"http://dbpedia.org/resource/Ello"	"Элло"
"http://dbpedia.org/resource/Elm_Springs,_Arkansas"	"Элм-Спрингс (Арканзас)"
"http://dbpedia.org/resource/Elmdale,_Minnesota"	"Элмдейл (город, Миннесота)"
"http://dbpedia.org/resource/Elmore,_Minnesota"	"Элмор (город, Миннесота)"
"http://dbpedia.org/resource/Elrosa,_Minnesota"	"Элроза (город, Миннесота)"
"http://dbpedia.org/resource/Ellsworth,_Minnesota"	"Элсуэрт (город, Миннесота)"
"http://dbpedia.org/resource/Eluru"	"Элуру"
"http://dbpedia.org/resource/El_Agheila"	"Эль-Агейла"
"http://dbpedia.org/resource/Amarah"	"Эль-Амара"
"http://dbpedia.org/resource/El_Barraco"	"Эль-Баррако"
"http://dbpedia.org/resource/Al_Bahah"	"Эль-Баха (город)"
"http://dbpedia.org/resource/El_Bohodón"	"Эль-Боодон"
"http://dbpedia.org/resource/Brega"	"Эль-Бурайка"
"http://dbpedia.org/resource/El_Burgo_de_Ebro"	"Эль-Бурго-де-Эбро"
"http://dbpedia.org/resource/El_Buste"	"Эль-Бусте"
"http://dbpedia.org/resource/El_Vallecillo"	"Эль-Вальесильо"
"http://dbpedia.org/resource/El_Viso"	"Эль-Висо"
"http://dbpedia.org/resource/El_Viso_de_San_Juan"	"Эль-Висо-де-Сан-Хуан"
"http://dbpedia.org/resource/El_Viso_del_Alcor"	"Эль-Висо-дель-Алькор"
"http://dbpedia.org/resource/El_Garrobo"	"Эль-Гарробо"
"http://dbpedia.org/resource/Geneina"	"Эль-Генейна"
"http://dbpedia.org/resource/El_Guijo"	"Эль-Гихо"
"http://dbpedia.org/resource/El_Grado"	"Эль-Градо"
"http://dbpedia.org/resource/El_Jadida"	"Эль-Джадида"
"http://dbpedia.org/resource/Jubail"	"Эль-Джубайль"
"http://dbpedia.org/resource/El_Dorado,_Arkansas"	"Эль-Дорадо (Арканзас)"
"http://dbpedia.org/resource/Iskandariya"	"Эль-Искандария"
"http://dbpedia.org/resource/El_Campanario_y_Oradel,_Tamaulipas"	"Эль-Кампанарио-и-Орадель"
"http://dbpedia.org/resource/El_Carpio"	"Эль-Карпио"
"http://dbpedia.org/resource/El_Carrascalejo"	"Эль-Карраскалехо"
"http://dbpedia.org/resource/El_Castellar"	"Эль-Кастельяр"
"http://dbpedia.org/resource/El_Castillo_de_las_Guardas"	"Эль-Кастильо-де-лас-Гуардас"
"http://dbpedia.org/resource/Qatif"	"Эль-Катиф"
"http://dbpedia.org/resource/El_Cajon,_California"	"Эль-Кахон"
"http://dbpedia.org/resource/El_Copey"	"Эль-Копей"
"http://dbpedia.org/resource/El_Coronil"	"Эль-Корониль"
"http://dbpedia.org/resource/Kuwait_City"	"Эль-Кувейт"
"http://dbpedia.org/resource/Quneitra"	"Эль-Кунейтра"
"http://dbpedia.org/resource/Cusae"	"Эль-Кусия"
"http://dbpedia.org/resource/Kut"	"Эль-Кут"
"http://dbpedia.org/resource/El_Losar_del_Barco"	"Эль-Лосар-дель-Барко"
"http://dbpedia.org/resource/El_Madroño"	"Эль-Мадроньо"
"http://dbpedia.org/resource/Muqdadiyah"	"Эль-Микдадия"
"http://dbpedia.org/resource/El_Milà"	"Эль-Мила"
"http://dbpedia.org/resource/El_Mirón"	"Эль-Мирон"
"http://dbpedia.org/resource/El_Molino,_La_Guajira"	"Эль-Молино"
"http://dbpedia.org/resource/El_Monte,_California"	"Эль-Монте (Калифорния)"
"http://dbpedia.org/resource/Al-Ubayyid"	"Эль-Обейд (город)"
"http://dbpedia.org/resource/El_Hoyo_de_Pinares"	"Эль-Ойо-де-Пинарес"
"http://dbpedia.org/resource/El_Hornillo"	"Эль-Орнильо"
"http://dbpedia.org/resource/El_Parral"	"Эль-Парраль (муниципалитет)"
"http://dbpedia.org/resource/El_Paso,_Cesar"	"Эль-Пасо (Сесар)"
"http://dbpedia.org/resource/El_Paso,_Texas"	"Эль-Пасо (Техас)"
"http://dbpedia.org/resource/El_Pedroso"	"Эль-Педросо"
"http://dbpedia.org/resource/El_Peral"	"Эль-Пераль"
"http://dbpedia.org/resource/El_Picazo"	"Эль-Пикасо"
"http://dbpedia.org/resource/El_Pobo"	"Эль-Побо"
"http://dbpedia.org/resource/El_Pont_d'Armentera"	"Эль-Пон-де-Арментера"
"http://dbpedia.org/resource/El_Pozuelo"	"Эль-Посуэло"
"http://dbpedia.org/resource/El_Provencio"	"Эль-Провенсио"
"http://dbpedia.org/resource/El_Pueyo_de_Araguás"	"Эль-Пуэйо-де-Арагуас"
"http://dbpedia.org/resource/El_Puente_del_Arzobispo"	"Эль-Пуэнте-дель-Арсобиспо"
"http://dbpedia.org/resource/El_Puerto_de_Santa_María"	"Эль-Пуэрто-де-Санта-Мария"
"http://dbpedia.org/resource/El_Real_de_San_Vicente"	"Эль-Реаль-де-Сан-Висенте"
"http://dbpedia.org/resource/El_Real_de_la_Jara"	"Эль-Реаль-де-ла-Хара"
"http://dbpedia.org/resource/El_Romeral"	"Эль-Ромераль"
"http://dbpedia.org/resource/El_Ronquillo"	"Эль-Ронкильо"
"http://dbpedia.org/resource/O_Rosal"	"Эль-Росаль"
"http://dbpedia.org/resource/El_Rubio"	"Эль-Рубио"
"http://dbpedia.org/resource/El_Saucejo"	"Эль-Саусехо"
"http://dbpedia.org/resource/El_Torno"	"Эль-Торно"
"http://dbpedia.org/resource/El_Tiemblo"	"Эль-Тьембло"
"http://dbpedia.org/resource/Fallujah"	"Эль-Фаллуджа"
"http://dbpedia.org/resource/Al-Faw"	"Эль-Фао"
"http://dbpedia.org/resource/Al-Fashir"	"Эль-Фашир"
"http://dbpedia.org/resource/El_Frago"	"Эль-Фраго"
"http://dbpedia.org/resource/El_Frasno"	"Эль-Фрасно"
"http://dbpedia.org/resource/El_Fresno"	"Эль-Фресно"
"http://dbpedia.org/resource/Al_Hoceima"	"Эль-Хосейма"
"http://dbpedia.org/resource/Khobar"	"Эль-Хубар"
"http://dbpedia.org/resource/El'ad"	"Эльад"
"http://dbpedia.org/resource/Elbląg"	"Эльблонг"
"http://dbpedia.org/resource/Elva,_Piedmont"	"Эльва"
"http://dbpedia.org/resource/Alvand,_Iran"	"Эльвенд"
"http://dbpedia.org/resource/Elverum"	"Эльверум"
"http://dbpedia.org/resource/Elgg"	"Эльг"
"http://dbpedia.org/resource/El_Dorado"	"Эльдорадо"
"http://dbpedia.org/resource/Elmas"	"Эльмас"
"http://dbpedia.org/resource/Elsbethen"	"Эльсбетен"
"http://dbpedia.org/resource/Eltendorf"	"Эльтендорф"
"http://dbpedia.org/resource/Eljas"	"Эльхас"
"http://dbpedia.org/resource/Aymavilles"	"Эмавиль"
"http://dbpedia.org/resource/Emar"	"Эмар (город)"
"http://dbpedia.org/resource/Emarèse"	"Эмарез"
"http://dbpedia.org/resource/Embid_de_Ariza"	"Эмбид-де-Ариса"
"http://dbpedia.org/resource/Embu,_Kenya"	"Эмбу (Кения)"
"http://dbpedia.org/resource/Emden"	"Эмден"
"http://dbpedia.org/resource/Emily,_Minnesota"	"Эмили (город, Миннесота)"
"http://dbpedia.org/resource/Emmen,_Switzerland"	"Эммен (Люцерн)"
"http://dbpedia.org/resource/Emmersdorf_an_der_Donau"	"Эммерсдорф-ан-дер-Донау"
"http://dbpedia.org/resource/Emmonak,_Alaska"	"Эммонак (Аляска)"
"http://dbpedia.org/resource/Emmons,_Minnesota"	"Эммонс (город, Миннесота)"
"http://dbpedia.org/resource/Empúries"	"Эмпорион"
"http://dbpedia.org/resource/Emeishan_City"	"Эмэйшань (городской уезд)"
"http://dbpedia.org/resource/Najaf"	"Эн-Наджаф"
"http://dbpedia.org/resource/Ena,_Gifu"	"Эна (город)"
"http://dbpedia.org/resource/Anarak"	"Энарек"
"http://dbpedia.org/resource/Envie"	"Энвие"
"http://dbpedia.org/resource/Engelhartstetten"	"Энгельхартштеттен"
"http://dbpedia.org/resource/Engerwitzdorf"	"Энгервицдорф"
"http://dbpedia.org/resource/Englewood,_New_Jersey"	"Энглвуд (Нью-Джерси)"
"http://dbpedia.org/resource/Enkomi"	"Энгоми"
"http://dbpedia.org/resource/Andimeshk"	"Эндимешк"
"http://dbpedia.org/resource/Enego"	"Энего"
"http://dbpedia.org/resource/Enez"	"Энез"
"http://dbpedia.org/resource/Enemonzo"	"Энемонцо"
"http://dbpedia.org/resource/Enerhodar"	"Энергодар"
"http://dbpedia.org/resource/Bandar-e_Anzali"	"Энзели"
"http://dbpedia.org/resource/Ann_Arbor,_Michigan"	"Энн-Арбор"
"http://dbpedia.org/resource/Enna"	"Энна"
"http://dbpedia.org/resource/Ennsdorf"	"Энсдорф (Нижняя Австрия)"
"http://dbpedia.org/resource/Encinacorba"	"Энсинакорба"
"http://dbpedia.org/resource/Encinas_Reales"	"Энсинас-Реалес"
"http://dbpedia.org/resource/Encinitas,_California"	"Энсинитас"
"http://dbpedia.org/resource/Encío"	"Энсио"
"http://dbpedia.org/resource/Enschede"	"Энсхеде"
"http://dbpedia.org/resource/Entebbe"	"Энтеббе"
"http://dbpedia.org/resource/Entracque"	"Энтраккуэ"
"http://dbpedia.org/resource/Entrín_Bajo"	"Энтрин-Бахо"
"http://dbpedia.org/resource/Introd"	"Энтро"
"http://dbpedia.org/resource/Enugu"	"Энугу"
"http://dbpedia.org/resource/Enzenreith"	"Энценрайт"
"http://dbpedia.org/resource/Enzersdorf_an_der_Fischa"	"Энцерсдорф-ан-дер-Фиша"
"http://dbpedia.org/resource/Enzersfeld"	"Энцерсфельд"
"http://dbpedia.org/resource/Enzesfeld-Lindabrunn"	"Энцесфельд-Линдабрунн"
"http://dbpedia.org/resource/Enshi_City"	"Эньши"
"http://dbpedia.org/resource/Epidaurus"	"Эпидавр (Арголидский полуостров)"
"http://dbpedia.org/resource/Épila"	"Эпила"
"http://dbpedia.org/resource/Episcopia"	"Эпископия"
"http://dbpedia.org/resource/Apple_Valley,_Minnesota"	"Эпл-Вэлли (Миннесота)"
"http://dbpedia.org/resource/Ramadi"	"Эр-Рамади"
"http://dbpedia.org/resource/Riyadh"	"Эр-Рияд"
"http://dbpedia.org/resource/Arak,_Iran"	"Эрак"
"http://dbpedia.org/resource/Eraclea"	"Эраклея"
"http://dbpedia.org/resource/Erba,_Lombardy"	"Эрба"
"http://dbpedia.org/resource/Urbana,_Illinois"	"Эрбана (Иллинойс)"
"http://dbpedia.org/resource/Urbank,_Minnesota"	"Эрбанк (город, Миннесота)"
"http://dbpedia.org/resource/Erbè"	"Эрбе"
"http://dbpedia.org/resource/Erbezzo"	"Эрбеццо"
"http://dbpedia.org/resource/Erbil"	"Эрбиль"
"http://dbpedia.org/resource/Erbusco"	"Эрбуско"
"http://dbpedia.org/resource/Erve"	"Эрве (Лекко)"
"http://dbpedia.org/resource/Herguijuela"	"Эргихуэла"
"http://dbpedia.org/resource/Erdek"	"Эрдек"
"http://dbpedia.org/resource/Ardakan"	"Эрдекан"
"http://dbpedia.org/resource/Ardakan,_Fars"	"Эрдекан (Фарс)"
"http://dbpedia.org/resource/Ardestan"	"Эрдестан"
"http://dbpedia.org/resource/Erebuni_Fortress"	"Эребуни"
"http://dbpedia.org/resource/Heredia,_Costa_Rica"	"Эредия (Коста-Рика)"
"http://dbpedia.org/resource/Erzincan"	"Эрзинджан"
"http://dbpedia.org/resource/Erzin,_Turkey"	"Эрзинь"
"http://dbpedia.org/resource/Erzurum"	"Эрзурум"
"http://dbpedia.org/resource/Erie,_Pennsylvania"	"Эри (Пенсильвания)"
"http://dbpedia.org/resource/Eridu"	"Эриду"
"http://dbpedia.org/resource/Ercolano"	"Эрколано"
"http://dbpedia.org/resource/Erchie"	"Эркье"
"http://dbpedia.org/resource/Earle,_Arkansas"	"Эрл (Арканзас)"
"http://dbpedia.org/resource/Erla"	"Эрла (Сарагоса)"
"http://dbpedia.org/resource/Erlauf"	"Эрлауф"
"http://dbpedia.org/resource/Erlach,_Switzerland"	"Эрлах (Берн)"
"http://dbpedia.org/resource/Bad_Erlach"	"Эрлах (Нижняя Австрия)"
"http://dbpedia.org/resource/Erli"	"Эрли (провинция Савона)"
"http://dbpedia.org/resource/Hérmedes_de_Cerrato"	"Эрмедес-де-Серрато"
"http://dbpedia.org/resource/Ermesinde"	"Эрмезинде"
"http://dbpedia.org/resource/Hermosillo"	"Эрмосильо"
"http://dbpedia.org/resource/Ernakulam"	"Эрнакулам"
"http://dbpedia.org/resource/Hernán-Pérez"	"Эрнан-Перес"
"http://dbpedia.org/resource/Hernansancho"	"Эрнансанчо"
"http://dbpedia.org/resource/Ernstbrunn"	"Эрнстбрунн"
"http://dbpedia.org/resource/Ernsthofen"	"Эрнстхофен"
"http://dbpedia.org/resource/Örnsköldsvik"	"Эрншёльдсвик"
"http://dbpedia.org/resource/Herradón_de_Pinares"	"Эррадон-де-Пинарес"
"http://dbpedia.org/resource/Herrera_de_Alcántara"	"Эррера-де-Алькантара"
"http://dbpedia.org/resource/Herrera_de_Valdecañas"	"Эррера-де-Вальдеканьяс"
"http://dbpedia.org/resource/Herrera_de_Pisuerga"	"Эррера-де-Писуэрга"
"http://dbpedia.org/resource/Herrera_de_los_Navarros"	"Эррера-де-лос-Наваррос"
"http://dbpedia.org/resource/Herreros_de_Suso"	"Эррерос-де-Сусо"
"http://dbpedia.org/resource/Herreruela"	"Эрреруэла"
"http://dbpedia.org/resource/Herreruela_de_Oropesa"	"Эрреруэла-де-Оропеса"
"http://dbpedia.org/resource/Arsanjan"	"Эрсенджан"
"http://dbpedia.org/resource/Erskine,_Minnesota"	"Эрскин (город, Миннесота)"
"http://dbpedia.org/resource/Ertl,_Lower_Austria"	"Эртль (Нижняя Австрия)"
"http://dbpedia.org/resource/Erto_e_Casso"	"Эрто-э-Кассо"
"http://dbpedia.org/resource/Erula"	"Эрула"
"http://dbpedia.org/resource/Erustes"	"Эрустес"
"http://dbpedia.org/resource/Erfurt"	"Эрфурт"
"http://dbpedia.org/resource/Erhard,_Minnesota"	"Эрхард (город, Миннесота)"
"http://dbpedia.org/resource/Erenhot"	"Эрэн-Хото"
"http://dbpedia.org/resource/Samawah"	"Эс-Самава"
"http://dbpedia.org/resource/Essaouira"	"Эс-Сувейра"
"http://dbpedia.org/resource/Esbjerg"	"Эсбьерг"
"http://dbpedia.org/resource/Escalaplano"	"Эскалаплано"
"http://dbpedia.org/resource/Escalonilla"	"Эскалонилья"
"http://dbpedia.org/resource/Escañuela"	"Эсканьюэла"
"http://dbpedia.org/resource/Escatrón"	"Эскатрон"
"http://dbpedia.org/resource/Esquivias"	"Эскивиас"
"http://dbpedia.org/resource/Eskişehir"	"Эскишехир"
"http://dbpedia.org/resource/Escolca"	"Эсколька"
"http://dbpedia.org/resource/Escondido,_California"	"Эскондидо (Калифорния)"
"http://dbpedia.org/resource/Escorihuela"	"Эскориуэла"
"http://dbpedia.org/resource/Escúzar"	"Эскусар"
"http://dbpedia.org/resource/Esslingen_am_Neckar"	"Эслинген-ам-Неккар"
"http://dbpedia.org/resource/Esmeraldas,_Ecuador"	"Эсмеральдас"
"http://dbpedia.org/resource/Española,_New_Mexico"	"Эспаньола (Нью-Мексико)"
"http://dbpedia.org/resource/Esparragalejo"	"Эспаррагалехо"
"http://dbpedia.org/resource/Espartinas"	"Эспартинас"
"http://dbpedia.org/resource/Espelúy"	"Эспелуй"
"http://dbpedia.org/resource/Esperance,_Western_Australia"	"Эсперанс (Австралия)"
"http://dbpedia.org/resource/Esperia"	"Эсперия"
"http://dbpedia.org/resource/Espinosa_de_Villagonzalo"	"Эспиноса-де-Вильягонсало"
"http://dbpedia.org/resource/Espinosa_de_Cervera"	"Эспиноса-де-Сервера"
"http://dbpedia.org/resource/Espinosa_de_Cerrato"	"Эспиноса-де-Серрато"
"http://dbpedia.org/resource/Espinosa_de_los_Caballeros"	"Эспиноса-де-лос-Кабальерос"
"http://dbpedia.org/resource/Espinosa_de_los_Monteros"	"Эспиноса-де-лос-Монтерос"
"http://dbpedia.org/resource/Espinosa_del_Camino"	"Эспиноса-дель-Камино"
"http://dbpedia.org/resource/Espinoso_del_Rey"	"Эспиносо-дель-Рей"
"http://dbpedia.org/resource/Esplús"	"Эсплус"
"http://dbpedia.org/resource/Espoo"	"Эспоо"
"http://dbpedia.org/resource/Esporlatu"	"Эспорлату"
"http://dbpedia.org/resource/Espiel"	"Эспьель"
"http://dbpedia.org/resource/Essen"	"Эссен"
"http://dbpedia.org/resource/Estada"	"Эстада (муниципалитет)"
"http://dbpedia.org/resource/Estadilla"	"Эстадилья"
"http://dbpedia.org/resource/Este,_Veneto"	"Эсте (город)"
"http://dbpedia.org/resource/Estevan"	"Эстеван"
"http://dbpedia.org/resource/Esztergom"	"Эстергом"
"http://dbpedia.org/resource/Estercuel"	"Эстеркуэль"
"http://dbpedia.org/resource/Esterzili"	"Эстерцили"
"http://dbpedia.org/resource/Estahban"	"Эстехбанат"
"http://dbpedia.org/resource/Estopiñán_del_Castillo"	"Эстопиньян-дель-Кастильо"
"http://dbpedia.org/resource/Esfarayen"	"Эсферайен"
"http://dbpedia.org/resource/Esfarvarin"	"Эсферверин"
"http://dbpedia.org/resource/Etajima,_Hiroshima"	"Этадзима (город)"
"http://dbpedia.org/resource/Echizen,_Fukui"	"Этидзен (город)"
"http://dbpedia.org/resource/Etobicoke"	"Этобико"
"http://dbpedia.org/resource/Etowah_Indian_Mounds"	"Этова-Маундз"
"http://dbpedia.org/resource/Etroubles"	"Этрубль"
"http://dbpedia.org/resource/Ettelbruck"	"Эттельбрюк"
"http://dbpedia.org/resource/Eupilio"	"Эупильо"
"http://dbpedia.org/resource/Ephesus"	"Эфес (город)"
"http://dbpedia.org/resource/Effie,_Minnesota"	"Эффи (город, Миннесота)"
"http://dbpedia.org/resource/Ahram,_Iran"	"Эхрем"
"http://dbpedia.org/resource/Echternach"	"Эхтернах"
"http://dbpedia.org/resource/Ähtäri"	"Эхтяри"
"http://dbpedia.org/resource/Ezhou"	"Эчжоу"
"http://dbpedia.org/resource/Esch-sur-Alzette"	"Эш-сюр-Альзетт"
"http://dbpedia.org/resource/Asheville,_North_Carolina"	"Эшвилл (Северная Каролина)"
"http://dbpedia.org/resource/Eschenau"	"Эшенау (Нижняя Австрия)"
"http://dbpedia.org/resource/Eshkanan"	"Эшкенан"
"http://dbpedia.org/resource/Esmoriz"	"Эшмориш"
"http://dbpedia.org/resource/Eshnunna"	"Эшнунна"
"http://dbpedia.org/resource/Espinho,_Portugal"	"Эшпинью"
"http://dbpedia.org/resource/Estremoz"	"Эштремош"
"http://dbpedia.org/resource/Äänekoski"	"Ээнекоски"
"http://dbpedia.org/resource/Juankoski"	"Юанкоски"
"http://dbpedia.org/resource/Yuba_City,_California"	"Юба-Сити"
"http://dbpedia.org/resource/Yubileyny,_Moscow_Oblast"	"Юбилейный (город)"
"http://dbpedia.org/resource/Uvalde,_Texas"	"Ювалде (Техас)"
"http://dbpedia.org/resource/Jyväskylä"	"Ювяскюля"
"http://dbpedia.org/resource/Yugorsk"	"Югорск"
"http://dbpedia.org/resource/Eugene,_Oregon"	"Юджин (Орегон)"
"http://dbpedia.org/resource/Yuzawa,_Akita"	"Юдзава (Акита)"
"http://dbpedia.org/resource/Eudora,_Arkansas"	"Юдора (Арканзас)"
"http://dbpedia.org/resource/Yuzha"	"Южа"
"http://dbpedia.org/resource/Yuzhno-Sukhokumsk"	"Южно-Сухокумск"
"http://dbpedia.org/resource/Yuzhne"	"Южное (город)"
"http://dbpedia.org/resource/Yuzhnoukrainsk"	"Южноукраинск"
"http://dbpedia.org/resource/Yuzhnouralsk"	"Южноуральск"
"http://dbpedia.org/resource/Józefów,_Biłgoraj_County"	"Юзефув (Билгорайский повят)"
"http://dbpedia.org/resource/Józefów"	"Юзефув (Отвоцкий повят)"
"http://dbpedia.org/resource/Yulin,_Guangxi"	"Юйлинь (Гуанси)"
"http://dbpedia.org/resource/Yulin,_Shaanxi"	"Юйлинь (Шэньси)"
"http://dbpedia.org/resource/Yumen_City"	"Юймэнь"
"http://dbpedia.org/resource/Yuyao"	"Юйяо"
"http://dbpedia.org/resource/Ukiah,_California"	"Юкайа (Калифорния)"
"http://dbpedia.org/resource/Yūki,_Ibaraki"	"Юки (город)"
"http://dbpedia.org/resource/Euclid,_Ohio"	"Юклид"
"http://dbpedia.org/resource/Yuksom"	"Юксом"
"http://dbpedia.org/resource/Yukuhashi,_Fukuoka"	"Юкухаси"
"http://dbpedia.org/resource/Ulen,_Minnesota"	"Юлен (город, Миннесота)"
"http://dbpedia.org/resource/Ylivieska"	"Юливиеска"
"http://dbpedia.org/resource/Juliobriga"	"Юлиобрига"
"http://dbpedia.org/resource/Ylöjärvi"	"Юлёярви"
"http://dbpedia.org/resource/Yuma,_Arizona"	"Юма (Аризона)"
"http://dbpedia.org/resource/Yumurtalık"	"Юмурталык"
"http://dbpedia.org/resource/Union_City,_New_Jersey"	"Юнион-Сити (Нью-Джерси)"
"http://dbpedia.org/resource/Yunclillos"	"Юнклильос"
"http://dbpedia.org/resource/Yuncos"	"Юнкос"
"http://dbpedia.org/resource/Yunokomunarivsk"	"Юнокоммунаровск"
"http://dbpedia.org/resource/Yongzhou"	"Юнчжоу"
"http://dbpedia.org/resource/Yongcheng"	"Юнчэн"
"http://dbpedia.org/resource/Yunfu"	"Юньфу"
"http://dbpedia.org/resource/Yurga"	"Юрга"
"http://dbpedia.org/resource/Eureka,_California"	"Юрика (Калифорния)"
"http://dbpedia.org/resource/Jūrmala"	"Юрмала"
"http://dbpedia.org/resource/Yuryevets,_Ivanovo_Oblast"	"Юрьевец"
"http://dbpedia.org/resource/Yuryuzan,_Chelyabinsk_Oblast"	"Юрюзань (город)"
"http://dbpedia.org/resource/Yusuhara,_Kōchi"	"Юсухара"
"http://dbpedia.org/resource/Utica,_New_York"	"Ютика (Нью-Йорк)"
"http://dbpedia.org/resource/Utica,_Minnesota"	"Ютика (город, Миннесота)"
"http://dbpedia.org/resource/Jutrosin"	"Ютросин"
"http://dbpedia.org/resource/Yukhnov"	"Юхнов"
"http://dbpedia.org/resource/Yueyang"	"Юэян"
"http://dbpedia.org/resource/Jabing"	"Ябинг"
"http://dbpedia.org/resource/Jablonec_nad_Nisou"	"Яблонец-над-Нисоу"
"http://dbpedia.org/resource/Jablonné_v_Podještědí"	"Яблонне-в-Подьештеди"
"http://dbpedia.org/resource/Jabłonowo_Pomorskie"	"Яблоново-Поморске"
"http://dbpedia.org/resource/Jablunkov"	"Яблунков"
"http://dbpedia.org/resource/Yabu,_Hyōgo"	"Ябу"
"http://dbpedia.org/resource/Yawata,_Kyoto"	"Явата"
"http://dbpedia.org/resource/Yawatahama,_Ehime"	"Яватахама"
"http://dbpedia.org/resource/Yavatmal"	"Яватмал"
"http://dbpedia.org/resource/Yavne"	"Явне"
"http://dbpedia.org/resource/Jaworzyna_Śląska"	"Явожина-Слёнска"
"http://dbpedia.org/resource/Jaworzno"	"Явожно"
"http://dbpedia.org/resource/Jawor"	"Явор (город)"
"http://dbpedia.org/resource/Yavoriv"	"Яворов (город)"
"http://dbpedia.org/resource/Yahotyn"	"Яготин"
"http://dbpedia.org/resource/Yadgir"	"Ядгир"
"http://dbpedia.org/resource/Yadrin"	"Ядрин"
"http://dbpedia.org/resource/Yaizu,_Shizuoka"	"Яидзу"
"http://dbpedia.org/resource/Jaidhof"	"Яидхоф"
"http://dbpedia.org/resource/Yaita,_Tochigi"	"Яита"
"http://dbpedia.org/resource/Jajce"	"Яйце"
"http://dbpedia.org/resource/Yakima,_Washington"	"Якима (город)"
"http://dbpedia.org/resource/Jacurso"	"Якурсо"
"http://dbpedia.org/resource/Yakeshi"	"Якэши"
"http://dbpedia.org/resource/Ialoveni"	"Яловены"
"http://dbpedia.org/resource/Yalta"	"Ялта"
"http://dbpedia.org/resource/Yalutorovsk"	"Ялуторовск"
"http://dbpedia.org/resource/Yalıkavak"	"Ялыкавак"
"http://dbpedia.org/resource/Yamaga,_Kumamoto"	"Ямага"
"http://dbpedia.org/resource/Yamagata,_Gifu"	"Ямагата (Гифу)"
"http://dbpedia.org/resource/Yamagata,_Yamagata"	"Ямагата (Ямагата)"
"http://dbpedia.org/resource/Yamaguchi,_Yamaguchi"	"Ямагути (город)"
"http://dbpedia.org/resource/Yamanashi,_Yamanashi"	"Яманаси (город)"
"http://dbpedia.org/resource/Yamato,_Kanagawa"	"Ямато (город)"
"http://dbpedia.org/resource/Yamatotakada,_Nara"	"Яматотакада"
"http://dbpedia.org/resource/Yambio"	"Ямбио"
"http://dbpedia.org/resource/Yame,_Fukuoka"	"Яме (город)"
"http://dbpedia.org/resource/Yampil,_Vinnytsia_Oblast"	"Ямполь (Винницкая область)"
"http://dbpedia.org/resource/Yamunotri"	"Ямунотри"
"http://dbpedia.org/resource/Yanagawa,_Fukuoka"	"Янагава"
"http://dbpedia.org/resource/Yanaul"	"Янаул"
"http://dbpedia.org/resource/Yanbu"	"Янбу-эль-Бахр"
"http://dbpedia.org/resource/Yangiyer"	"Янгиер"
"http://dbpedia.org/resource/Yangon"	"Янгон"
"http://dbpedia.org/resource/Youngstown,_Ohio"	"Янгстаун"
"http://dbpedia.org/resource/Yangju"	"Янджу"
"http://dbpedia.org/resource/Janikowo"	"Яниково"
"http://dbpedia.org/resource/Yankton,_South_Dakota"	"Янктон (Южная Дакота)"
"http://dbpedia.org/resource/Janowiec_Wielkopolski"	"Яновец-Велькопольский"
"http://dbpedia.org/resource/Yangsan"	"Янсан"
"http://dbpedia.org/resource/Janské_Lázně"	"Янске-Лазне"
"http://dbpedia.org/resource/Janów_Lubelski"	"Янув-Любельский"
"http://dbpedia.org/resource/Yangjiang"	"Янцзян"
"http://dbpedia.org/resource/Yangquan"	"Янцюань"
"http://dbpedia.org/resource/Yangzhou"	"Янчжоу"
"http://dbpedia.org/resource/Yan'an"	"Яньань"
"http://dbpedia.org/resource/Yantai"	"Яньтай"
"http://dbpedia.org/resource/Yanji"	"Яньцзи"
"http://dbpedia.org/resource/Yao,_Osaka"	"Яо (Осака)"
"http://dbpedia.org/resource/Japons"	"Японс"
"http://dbpedia.org/resource/Yaransk"	"Яранск"
"http://dbpedia.org/resource/Järvenpää"	"Ярвенпяа"
"http://dbpedia.org/resource/Iargara"	"Яргара"
"http://dbpedia.org/resource/Yaremche"	"Яремче"
"http://dbpedia.org/resource/Yarensk"	"Яренск"
"http://dbpedia.org/resource/Jaroměř"	"Яромерж"
"http://dbpedia.org/resource/Jarosław"	"Ярослав (город)"
"http://dbpedia.org/resource/Jarocin"	"Яроцин"
"http://dbpedia.org/resource/Yartsevo"	"Ярцево (значения)"
"http://dbpedia.org/resource/Jasień,_Lubusz_Voivodeship"	"Ясень (город)"
"http://dbpedia.org/resource/Yasynuvata"	"Ясиноватая"
"http://dbpedia.org/resource/Yashio,_Saitama"	"Ясио"
"http://dbpedia.org/resource/Jasło"	"Ясло"
"http://dbpedia.org/resource/Yasnogorsk,_Tula_Oblast"	"Ясногорск (Тульская область)"
"http://dbpedia.org/resource/Iasos"	"Ясос"
"http://dbpedia.org/resource/Iași"	"Яссы"
"http://dbpedia.org/resource/Jastarnia"	"Ястарня"
"http://dbpedia.org/resource/Jastrebarsko"	"Ястребарско"
"http://dbpedia.org/resource/Jastrowie"	"Ястрове"
"http://dbpedia.org/resource/Jastrzębie-Zdrój"	"Ястшембе-Здруй"
"http://dbpedia.org/resource/Yasu,_Shiga"	"Ясу"
"http://dbpedia.org/resource/Yasugi,_Shimane"	"Ясуги"
"http://dbpedia.org/resource/Yasuj"	"Ясудж"
"http://dbpedia.org/resource/Yachiyo,_Chiba"	"Ятиё (город)"
"http://dbpedia.org/resource/Yatta,_Hebron"	"Ятта"
"http://dbpedia.org/resource/Yaoundé"	"Яунде"
"http://dbpedia.org/resource/Jaffa"	"Яффа"
"http://dbpedia.org/resource/Jáchymov"	"Яхимов"
"http://dbpedia.org/resource/Yakhroma"	"Яхрома"
"http://dbpedia.org/resource/Yatsushiro,_Kumamoto"	"Яцусиро (город)"
